,Accuracy,Precision,Recall
LDA_standard_scalar,0.07322175732217573,0.07322175732217573,0.0779510022271715
