,Accuracy,Precision,Recall
cat_standard_scalar,0.797071129707113,0.797071129707113,0.8282608695652174
