,Accuracy,Precision,Recall
random_forest_standard_scalar,0.8535564853556485,0.8535564853556485,0.8831168831168831
