,Accuracy,Precision,Recall
linear_svc_standard_scalar,0.700836820083682,0.700836820083682,0.7067510548523207
