,Accuracy,Precision,Recall
lgb_standard_scalar,0.8389121338912134,0.8389121338912134,0.8660907127429806
