,Accuracy,Precision,Recall
linear_svc standard_scalar,0.29411764705882354,0.29411764705882354,0.29411764705882354
