,Accuracy,Precision,Recall
linear_svc standard_scalar,0.3333333333333333,0.3333333333333333,0.3333333333333333
